Lead_ID,Business_Name,Business_Type,Niche_Category,City,Industrial_Zone,Google_Rating,Review_Count,Has_Website,Decision_Maker,Contact_Number,Pipeline_Stage,Lead_Priority,Est_Website_Cost,Est_Monthly_Retainer,Est_Annual_Digital_LTV
STG-101,Surat Silk & Jacquard Weaving Mills,B2B,Silk & Jacquard Wholesale,Surat,Pandesara GIDC,4.7,240,No Website,Rameshbhai Agarwal,9825156715,Pitch Scheduled,Hot,80000,40000,560000
STG-102,Laxmi Diamond Polishing Tools & Blades,B2B,Laser Cutting Blades & Scaife,Surat,Katargam,4.8,180,No Website,Gordhanbhai Patel,9824067816,Audit Sent,Hot,60000,30000,420000
STG-103,Surat Royal Ghari & Traditional Sweets,D2C,Heritage Sweets & Mawa,Surat,Bhagal & Athwalines,4.9,750,No Website,Mukeshbhai Shah,9879578917,Closed-Won,Hot,60000,35000,480000
STG-104,Vara Bridal Designer Kurtis & Lehengas,D2C,Designer Ethnic Wear,Surat,Millennium Textile Market,4.6,290,Outdated,Pooja Singhania,9979189018,Proposal Sent,Hot,55000,32000,439000
STG-105,Shree Ambica Textile Sizing & Warping,B2B,Yarn Sizing & Warping,Kim & Kosamba,Kim GIDC Industrial Area,4.5,84,No Website,Vinodbhai Patel,9825311221,Contacted,Warm,42000,20000,282000
STG-106,Kosamba Agro Pulp & Cold Storage,B2B,Agro Cold Storage & Pulping,Kim & Kosamba,NH-48 Kosamba Highway,4.6,72,No Website,Dineshbhai Chaudhari,9879122332,New Lead,Warm,45000,22000,309000
STG-107,Sterling Dyes & Reactive Intermediates,B2B,Textile Dyes & Reactive Pigments,Ankleshwar,Ankleshwar GIDC,4.6,105,No Website,Chetanbhai Shah,9898134513,Proposal Sent,Hot,70000,35000,490000
STG-108,Ankleshwar Bulk Pharma Synthetics,B2B,Active Pharma Ingredients (API),Ankleshwar,GIDC Chemical Zone,4.7,98,No Website,Dr. Haresh Vaghani,9824045566,Pitch Scheduled,Hot,65000,32000,449000
STG-109,Narmada Plastic Bottles & Moulding,B2B,Pharma Bottles & HDPE Drums,Ankleshwar,Panoli GIDC,4.4,72,No Website,Dharmendrasinh Vaghela,9428145614,Contacted,Warm,45000,22000,309000
STG-110,Bharuch Heavy Valves & Flanges,B2B,Forged Valves & Industrial Piping,Bharuch,Narmadanagar Industrial Estate,4.7,115,No Website,Pravinbhai Solanki,9825167788,Audit Sent,Hot,55000,28000,391000
STG-111,Gujarat Salt & Marine Mineral Refineries,B2B,Industrial Salt & Soda Compounds,Bharuch,Dahej Bypass Road,4.5,88,No Website,Kamleshbhai Desai,9879345566,New Lead,Warm,48000,24000,336000
STG-112,Dahej Petrochem Piping & Pressure Vessels,B2B,Pressure Vessels & Heavy Boilers,Dahej,Dahej PCPIR SEZ,4.8,130,No Website,Siddharth Joshi (GM),9824156677,Pitch Scheduled,Hot,75000,38000,531000
STG-113,Oceanic Marine Fabrication & Barges,B2B,Marine Equipment & Dock Skids,Dahej,Dahej Port Zone,4.6,68,No Website,Capt. Ashok Mehta,9898067788,Contacted,Warm,60000,30000,420000
STG-114,Karjan Cotton Ginning & Pressing Mills,B2B,Cotton Bales & Ginning Machinery,Karjan,Miyagam Karjan GIDC,4.6,92,No Website,Natubhai Patel,9426388990,Audit Sent,Hot,45000,22000,309000
STG-115,Charotar Agro Seeds & Cold Warehouse,B2B,Agro Seeds & Crop Storage,Karjan,Karjan Highway Crossing,4.5,64,No Website,Ramanbhai Chaudhari,9825278899,New Lead,Warm,40000,20000,280000
STG-116,PowerVolt Switchgears & HT Panels,B2B,Transformers & Switchgear,Vadodara,Makarpura GIDC,4.8,160,Outdated,Ajay Sharma,9825001210,Pitch Scheduled,Hot,75000,35000,495000
STG-117,Baroda Fine Chemicals & Solvents,B2B,Specialty Chemicals & Polymers,Vadodara,Nandesari GIDC,4.5,85,No Website,Vikram Desai,9879412311,Audit Sent,Hot,60000,30000,420000
STG-118,Avenue Ayurvedic Wellness Products,D2C,Herbal Skincare & Oils,Vadodara,Alkapuri,4.9,390,No Website,Dr. Ananya Trivedi,9824323412,Pitch Scheduled,Hot,50000,30000,410000
STG-119,Savli CNC Heavy Forgings & Tooling,B2B,Heavy Forged Auto Components,Vadodara,Savli GIDC Industrial Estate,4.7,142,No Website,Rajendrabhai Shah,9898023344,Proposal Sent,Hot,65000,32000,449000
STG-120,Amulya Dairy Equipment & Stainless Silos,B2B,Dairy Machinery & Storage Silos,Anand,Vitthal Udyognagar GIDC,4.7,110,No Website,Hasmukhbhai Patel,9879389008,Closed-Won,Hot,65000,30000,425000
STG-121,Shree Gayatri Namkeen & Food Products,D2C,Packaged Snacks & Khakhra,Anand,GIDC Mogar,4.6,215,No Website,Sanjay Shah,9825290109,Proposal Sent,Hot,45000,25000,345000
STG-122,Anand Stainless Pipes & Fluid Valves,B2B,SS Dairy Grade Pipes & Fittings,Anand,Vitthal Udyognagar Phase 2,4.8,95,No Website,Bipinbhai Suthar,9426390112,Contacted,Warm,50000,24000,338000
STG-123,Charotar Agro Seeds & Bio-Tech Solutions,B2B,Hybrid Seeds & Agro Inputs,Nadiad,Kamla GIDC,4.6,88,No Website,Bipinbhai Patel,9426367806,Contacted,Warm,40000,18000,256000
STG-124,Santram Wooden Furnishings & Teak Doors,D2C,Modular Kitchen & Teak Furniture,Nadiad,College Road,4.8,145,No Website,Girish Mistry,9824278907,New Lead,Warm,45000,24000,333000
STG-125,Kheda Rice & Grain Milling Machinery,B2B,Grain Processing & Destoner Machines,Kheda & Bareja,Bareja Industrial Highway,4.6,96,No Website,Mahendrabhai Patel,9825189900,Pitch Scheduled,Hot,50000,25000,350000
STG-126,Bareja Highway Precast Concrete & Blocks,B2B,Precast Concrete & Pavers,Kheda & Bareja,NH-48 Kheda Bypass,4.5,74,No Website,Kiritbhai Dabhi,9879456677,Contacted,Warm,40000,20000,280000
STG-127,Matrix Hydraulic Presses & Shearing,B2B,Industrial Hydraulic Presses,Ahmedabad,Kathwada GIDC,4.6,135,No Website,Rakesh Panchal,9824034503,Proposal Sent,Hot,55000,28000,391000
STG-128,Kaveri Corrugated Packaging Products,B2B,Packaging Boxes & Cartons,Ahmedabad,Changodar GIDC,4.7,112,No Website,Nilesh Doshi,9898045604,Audit Sent,Hot,45000,20000,285000
STG-129,Swagat Premium Sweets & Dryfruits,D2C,Gourmet Sweets & Farsan,Ahmedabad,Satellite & Bodakdev,4.9,620,No Website,Pranav Kandoi,9825156705,Pitch Scheduled,Hot,50000,35000,470000
STG-130,Naroda Laser Tech & Sheet Metal,B2B,Laser Metal Profiling & Bending,Ahmedabad,Naroda GIDC,4.8,150,No Website,Sureshbhai Mistry,9825312345,Closed-Won,Hot,52000,26000,364000
STG-131,Chhatral Submersible Pumps & Motors,B2B,Agricultural Submersible Pumps,Kalol & Chhatral,Chhatral GIDC Phase 1,4.7,128,No Website,Pravinbhai Patel,9825045566,Pitch Scheduled,Hot,55000,28000,391000
STG-132,Kalol Precision Plastic Injection Moulds,B2B,Plastic Injection Moulds & Dies,Kalol & Chhatral,Kalol GIDC Industrial Area,4.6,94,No Website,Nitinbhai Panchal,9879234567,Audit Sent,Hot,50000,25000,350000
STG-133,Gujarat Steel Barrels & Containers,B2B,MS Barrels & Chemical Drums,Kalol & Chhatral,Chhatral Highway Estate,4.5,82,No Website,Harshad Mehta,9824156789,Contacted,Warm,45000,22000,309000
STG-134,Optima Instruments & Automation,B2B,Industrial Automation & Sensors,Gandhinagar,"Electronic Estate, Sec 25",4.7,94,No Website,Dr. Jayesh Mehta,9825123401,Pitch Scheduled,Hot,60000,30000,420000
STG-135,Saffron Biotech & Agro Chemical,B2B,Bio-fertilizers & Agro Chemicals,Gandhinagar,Pethapur GIDC,4.5,68,No Website,Kamleshbhai Patel,9879234502,Contacted,Warm,40000,22000,304000
STG-136,Capital Solar Structures & Inverters,B2B,Solar Mounting & Off-Grid Systems,Gandhinagar,Sector 28 GIDC,4.8,115,No Website,Pratik Sharma,9824047733,Closed-Won,Hot,55000,28000,391000
